row,idx,station_id,name,cap_z,lat_z,lon_z
0,PADDING,,,0.0000,0.0000,0.0000
1,0,3996.01,7 St & 3 Ave,-0.7497,-2.4186,0.5488
2,1,4028.03,3 St & 3 Ave,1.5329,-2.3249,0.6097
3,2,4125.07,7 Ave & Park Pl,-0.7082,-2.2284,1.0345
4,3,4143.04,3 Ave & Carroll St,-0.6252,-2.2507,0.6463
5,4,4193.14,1 Pl & Clinton St,-0.3347,-2.1015,0.2787
6,5,4605.04,Clinton St & Joralemon St,0.3293,-1.6677,0.4449
7,6,4617.01,Lewis Ave & Kosciuszko St,-0.7497,-1.6686,2.0940
8,7,4659.02,Myrtle Ave & St Edwards St,0.5784,-1.6345,0.9233
9,8,4683.02,Emerson Pl & Myrtle Ave,0.8689,-1.6208,1.3567
10,9,4846.01,South St & Whitehall St,0.5368,-1.3328,-0.1103
11,10,4993.02,Pearl St & Hanover Square,1.0764,-1.2002,-0.0200
12,11,4993.15,Water St & Gouverneur Ln,-0.2102,-1.2010,0.0158
13,12,5001.08,Little West St & 1 Pl,-0.2932,-1.1632,-0.2401
14,13,5024.10,Water St & Fletcher St,1.5329,-1.1359,0.0872
15,14,5033.01,Broadway & Morris St,1.1179,-1.1536,-0.1359
16,15,5065.10,Maiden Ln & Pearl St,-0.5422,-1.1111,0.0368
17,16,5073.07,Greenwich St & Rector St,0.7029,-1.0731,-0.1459
18,17,5105.09,Liberty St & Nassau St,0.1218,-1.0533,-0.0228
19,18,5114.06,West Thames St,1.2839,-1.0625,-0.2506
20,19,5114.08,South End Ave & Albany St,0.1218,-1.0014,-0.2331
21,20,5145.02,Albany St & Greenwich St,0.1633,-1.0276,-0.1368
22,21,5167.06,St James Pl & Pearl St,-0.6252,-0.9552,0.2462
23,22,5170.01,Stagg St & Morgan Ave,-0.7912,-0.9739,2.1916
24,23,5175.08,Fulton St & Broadway,0.2878,-0.9593,-0.0255
25,24,5184.08,West St & Liberty St,0.2463,-0.9450,-0.1836
26,25,5207.01,Centre St & Chambers St,0.6199,-0.8961,0.1162
27,26,5216.06,Vesey St & Church St,1.4914,-0.9155,-0.0555
28,27,5241.02,Metropolitan Ave & Vandervoort Ave,-0.7497,-0.8370,2.2059
29,28,5288.08,Park Pl & Church St,0.4953,-0.8730,-0.0228
30,29,5288.09,Warren St & W Broadway,1.2009,-0.8199,-0.0155
31,30,5288.12,Murray St & Greenwich St,0.2878,-0.8157,-0.0775
32,31,5294.04,Henry St & Grand St,-0.2517,-0.8400,0.8046
33,32,5297.02,Vesey Pl & River Terrace,0.6199,-0.7972,-0.2345
34,33,5329.03,West St & Chambers St,3.0270,-0.7134,-0.1360
35,34,5329.08,Murray St & West St,0.7859,-0.8089,-0.1137
36,35,5340.01,N 7 St & Driggs Ave,0.4538,-0.7354,1.5279
37,36,5359.11,Leonard St & Church St,0.4953,-0.7125,0.0886
38,37,5359.12,Duane St & Hudson St,0.0803,-0.7330,-0.0197
39,38,5359.13,Church St & Worth St,0.1218,-0.7385,0.0607
40,39,5368.03,River Ter & Warren St,1.1179,-0.7115,-0.2138
41,40,5391.06,Lispenard St & Broadway,1.5329,-0.6434,0.1787
42,41,5400.05,Harrison St & Hudson St,-0.1272,-0.6693,-0.0125
43,42,5422.09,Lafayette St & Grand St,1.4914,-0.6097,0.2865
44,43,5430.08,Franklin St & W Broadway,-0.3762,-0.6539,0.0559
45,44,5430.10,6 Ave & Walker St,-0.1272,-0.6283,0.0981
46,45,5450.01,N 10 St & Berry St,0.2048,-0.6108,1.5076
47,46,5470.02,N Moore St & Hudson St,0.9934,-0.6218,0.0039
48,47,5470.10,Greenwich St & Hubert St,-0.2932,-0.5703,-0.0436
49,48,5470.12,North Moore St & Greenwich St,-0.5422,-0.6130,-0.0505
50,49,5484.09,Allen St & Stanton St,0.2878,-0.5424,0.5699
51,50,5489.04,N 11 St & Kent Ave,-0.6252,-0.5262,1.4450
52,51,5492.05,Cleveland Pl & Spring St,-0.3762,-0.5406,0.3316
53,52,5509.02,Washington St & Laight St,0.8689,-0.5327,-0.0593
54,53,5532.01,Mercer St & Spring St,1.0349,-0.4827,0.2658
55,54,5539.06,Laight St & Hudson St,1.8649,-0.5500,0.0251
56,55,5561.06,Lafayette St & Jersey St,0.7444,-0.4473,0.3783
57,56,5584.04,E 6 St & Ave B,2.1969,-0.4482,0.7823
58,57,5602.06,Greene St & Prince St,0.1218,-0.4262,0.2714
59,58,5644.05,W Broadway & W Houston St,0.3293,-0.3784,0.2373
60,59,5659.05,E 10 St & Ave A,2.6950,-0.3393,0.7950
61,60,5679.08,Bleecker St & Crosby St,0.8689,-0.3868,0.3945
62,61,5687.04,MacDougal St & Prince St,0.5784,-0.3509,0.1641
63,62,5696.03,Pier 40 - Hudson River Park,-0.7912,-0.3277,-0.0796
64,63,5712.12,E 5 St & Cooper Sq,0.3293,-0.3286,0.5148
65,64,5721.07,Thompson St & Bleecker St,0.7859,-0.3017,0.2602
66,65,5730.08,Greenwich St & W Houston St,0.3293,-0.2848,-0.0005
67,66,5763.03,Carmine St & 6 Ave,0.8689,-0.2263,0.1881
68,67,5772.05,Morton St & Washington St,1.5744,-0.1973,-0.0086
69,68,5779.08,1 Ave & E 16 St,0.4953,-0.1568,0.7881
70,69,5779.11,Ave A & E 14 St,-0.0442,-0.2292,0.8228
71,70,5785.05,Greenpoint Ave & Manhattan Ave,-0.6252,-0.2311,1.5996
72,71,5872.10,E 9 St & 5 Ave,0.7029,-0.1363,0.3735
73,72,5914.03,W 11 St & 6 Ave,0.2048,-0.0390,0.3095
74,73,6030.04,W 13 St & 7 Ave,0.2048,0.0555,0.2526
75,74,6030.06,W 15 St & 7 Ave,1.5329,0.1140,0.2710
76,75,6039.06,Washington St & Gansevoort St,0.3708,0.1127,0.0134
77,76,6072.06,Greenwich Ave & 8 Ave,1.3669,0.1011,0.1738
78,77,6072.11,8 Ave & W 16 St,-0.2517,0.1757,0.2012
79,78,6089.07,Lexington Ave & E 24 St,1.5329,0.1482,0.7168
80,79,6098.10,Broadway & E 21 St,0.4953,0.1342,0.5560
81,80,6101.11,48 Ave & 41 St,-0.8742,0.1331,2.4761
82,81,6108.03,69 St & 43 Ave,-0.9572,0.2063,3.3065
83,82,6115.06,Hudson St & W 13 St,-0.0027,0.1406,0.0967
84,83,6140.05,W 21 St & 6 Ave,1.3254,0.2044,0.4222
85,84,6148.02,W 17 St & 8 Ave,1.3254,0.2058,0.2072
86,85,6157.04,10 Ave & W 14 St,1.6159,0.2136,0.0076
87,86,6190.08,9 Ave & W 18 St,1.7404,0.2588,0.1438
88,87,6215.07,W 27 St & 6 Ave,0.9934,0.3380,0.5257
89,88,6224.03,W 22 St & 8 Ave,0.9934,0.3187,0.2758
90,89,6224.05,W 20 St & 8 Ave,1.7404,0.2694,0.2499
91,90,6233.04,Pier 61 at Chelsea Piers,0.0388,0.3991,0.0107
92,91,6233.05,W 16 St & The High Line,0.7444,0.2655,0.0515
93,92,6289.06,Broadway & W 29 St,2.4460,0.3737,0.5861
94,93,6297.07,8 Ave & W 27 St,-0.3762,0.4407,0.3495
95,94,6331.01,W 31 St & 7 Ave,1.7404,0.4858,0.4970
96,95,6364.07,6 Ave & W 33 St,1.4914,0.4803,0.5882
97,96,6389.09,E 39 St & Lexington Ave,0.8689,0.4988,0.9159
98,97,6398.06,W 37 St & 5 Ave,0.7444,0.5322,0.7374
99,98,6425.04,11 Ave & W 27 St,0.1218,0.5708,0.0981
100,99,6432.10,E 41 St & Madison Ave (SE corner),2.0724,0.5955,0.8473
101,100,6432.11,E 40 St & Park Ave,3.3590,0.5465,0.8856
102,101,6459.04,10 Ave & W 28 St,1.1179,0.5430,0.1993
103,102,6474.11,E 40 St & 5 Ave,2.1139,0.5960,0.7888
104,103,6492.04,W 33 St & 10 Ave,0.7859,0.6610,0.2693
105,104,6492.08,9 Ave & W 33 St,2.1554,0.6152,0.3458
106,105,6535.04,W 34 St & Hudson Blvd E,0.6199,0.7138,0.2335
107,106,6551.02,W 44 St & 5 Ave,1.0764,0.7076,0.8324
108,107,6551.11,E 43 St & Madison Ave,0.5784,0.6524,0.8669
109,108,6560.15,Broadway & W 38 St,1.0764,0.6306,0.6215
110,109,6584.12,E 47 St & Park Ave,2.8610,0.7114,0.9834
111,110,6626.11,W 48 St &  Rockefeller Plaza,0.3708,0.8126,0.8573
112,111,6659.03,E 53 St & Madison Ave,0.3708,0.8862,1.0116
113,112,6667.04,W 47 St & 6 Ave,1.0764,0.8364,0.7620
114,113,6682.08,E 60 St & York Ave,-0.3762,0.8633,1.4449
115,114,6708.04,Broadway & W 48 St,2.5290,0.9039,0.6941
116,115,6740.01,W 52 St & 6 Ave,0.7029,0.9476,0.8419
117,116,6753.08,1 Ave & E 62 St,0.1218,0.9438,1.3946
118,117,6762.02,E 58 St & 3 Ave,0.2878,0.9335,1.2101
119,118,6762.04,3 Ave & E 62 St,0.3708,1.0158,1.2679
120,119,6765.01,12 Ave & W 40 St,1.4084,0.9304,0.1698
121,120,6795.01,W 46 St & 11 Ave,-0.7082,1.0267,0.3484
122,121,6801.01,E 59 St & Madison Ave,0.3708,1.0302,1.0974
123,122,6822.09,1 Ave & E 68 St,0.8274,1.0871,1.4753
124,123,6839.10,Grand Army Plaza & Central Park S,2.2384,1.0640,1.0206
125,124,6884.03,W 56 St & 8 Ave,0.3293,1.1233,0.7448
126,125,6890.01,W 53 St & 10 Ave,-0.5422,1.1513,0.5258
127,126,7014.12,Broadway & W 61 St,0.4123,1.2777,0.7790
128,127,7059.01,11 Ave & W 59 St,-0.7497,1.3334,0.5304
129,128,7084.12,E 81 St & York Ave,0.2048,1.3843,1.7181
130,129,7123.04,W 64 St & Thelonious Monk Circle,0.0388,1.4723,0.5676
131,130,7128.08,E 76 St & Park Ave,-0.5837,1.4193,1.3572
132,131,7207.08,W 70 St & Amsterdam Ave,0.0388,1.5604,0.7521
133,132,7235.13,E 88 St & 1 Ave,-0.1272,1.5915,1.7497
134,133,7288.04,Riverside Dr & W 72 St,-0.0442,1.6779,0.6720
135,134,7311.07,W 78 St & Broadway,-0.1272,1.7849,0.8094
136,135,7323.09,5 Ave & E 87 St,-0.1687,1.7441,1.4258
137,136,7354.01,Central Park West & W 85 St,-0.1687,1.8366,1.1334
138,137,7414.17,3 Ave & E 100 St,-0.6252,1.9489,1.7945
139,138,7432.09,W 89 St & Columbus Ave,0.2463,1.9679,1.1172
140,139,7463.09,E 103 St & Lexington Ave,-0.2932,2.0469,1.7865
141,140,7484.05,W 87 St & West End Ave,0.2048,2.0210,0.9078
142,141,7524.09,West End Ave & W 94 St,-0.4592,2.1934,1.0087
143,142,7541.01,W 95 St & Broadway,-0.4177,2.1784,1.0741
144,143,7577.27,Central Park W & W 103 St,-0.0857,2.2474,1.3670
145,144,7646.04,W 110 St & Amsterdam Ave,0.1218,2.5169,1.3358
146,145,7685.14,Mt Morris Park W & W 120 St,-0.6252,2.5679,1.8343
147,146,7713.11,W 116 St & Broadway,0.0388,2.7258,1.3021
148,147,8358.03,W 180 St & Ft Washington Ave,-0.7497,4.3106,2.0539
149,148,8358.10,Cabrini Blvd & W 177 St,-0.7497,4.2465,1.9684
150,149,HB101,Hoboken Terminal - Hudson St & Hudson Pl,-0.7497,-0.0157,-0.6362
151,150,HB102,Hoboken Terminal - River St & Hudson Pl,0.1633,-0.0108,-0.6017
152,151,HB103,South Waterfront Walkway - Sinatra Dr & 1 St,-0.5007,0.0239,-0.5623
153,152,HB105,City Hall - Washington St & 1 St,-0.8327,0.0383,-0.6557
154,153,HB201,12 St & Sinatra Dr N,-0.5837,0.5407,-0.4522
155,154,HB202,14 St Ferry - 14 St & Shipyard Ln,-0.4177,0.6301,-0.4619
156,155,HB203,Bloomfield St & 15 St,-1.1648,0.6897,-0.5271
157,156,HB301,4 St & Grand St,-0.9987,0.2241,-0.7769
158,157,HB302,6 St & Grand St,-0.9987,0.3053,-0.7590
159,158,HB303,Clinton St & 7 St,-0.9987,0.3440,-0.7245
160,159,HB304,7 St & Monroe St,-0.8327,0.3817,-0.8608
161,160,HB305,9 St HBLR - Jackson St & 8 St,-0.9987,0.4384,-0.8735
162,161,HB401,Southwest Park - Jackson St & Observer Hwy,-0.9157,0.0455,-0.9687
163,162,HB402,Madison St & 1 St,-0.8742,0.0925,-0.8995
164,163,HB404,Mama Johnson Field - 4 St & Jackson St,-0.8327,0.2575,-0.9212
165,164,HB407,Adams St & 2 St,-1.1232,0.1313,-0.8294
166,165,HB408,Marshall St & 2 St,-0.9987,0.1688,-0.9938
167,166,HB409,Clinton St & Newark St,-1.1648,0.0409,-0.7944
168,167,HB501,Columbus Park - Clinton St & 9 St,-0.6667,0.4480,-0.6991
169,168,HB502,11 St & Washington St,-0.7497,0.5172,-0.5438
170,169,HB503,Madison St & 10 St,-0.8742,0.5156,-0.7990
171,170,HB505,Willow Ave & 12 St,-1.1232,0.5886,-0.6383
172,171,HB506,Grand St & 14 St,-0.9572,0.6730,-0.6741
173,172,HB601,Church Sq Park - 5 St & Park Ave,-0.8742,0.2393,-0.6926
174,173,HB602,Stevens - River Ter & 6 St,-0.9987,0.2573,-0.5391
175,174,HB603,8 St & Washington St,-0.8742,0.3654,-0.5745
176,175,HB608,2 St & Park Ave,-1.1232,0.1063,-0.7175
177,176,HB609,River St & 1 St,-0.7497,0.0328,-0.5940
178,177,HB610,Adams St & 12 St,-1.1232,0.5895,-0.7236
179,178,HB611,4 St & River St,-1.1648,0.1693,-0.5513
180,179,JC002,Paulus Hook,-1.1648,-0.8425,-0.7312
181,180,JC003,City Hall,-0.8327,-0.7064,-1.0326
182,181,JC006,Warren St,-0.8327,-0.5777,-0.8630
183,182,JC008,Newport Pkwy,-1.1648,-0.2886,-0.6890
184,183,JC009,Hamilton Park,-0.6667,-0.3322,-1.0444
185,184,JC013,Marin Light Rail,-0.6667,-0.8258,-1.0025
186,185,JC014,Columbus Drive,-1.1648,-0.6828,-0.8883
187,186,JC018,5 Corners Library,-0.9987,-0.0528,-1.4910
188,187,JC019,Hilltop,-0.6667,-0.1966,-1.4345
189,188,JC020,Baldwin at Montgomery,-1.1648,-0.4816,-1.6284
190,189,JC022,Oakland Ave,-0.6667,0.0475,-1.2854
191,190,JC023,Brunswick St,-0.8327,-0.4619,-1.2320
192,191,JC024,Pershing Field,-0.9987,0.2400,-1.2652
193,192,JC027,Jersey & 6th St,-1.1648,-0.4197,-1.0832
194,193,JC032,Newark Ave,-0.8327,-0.5625,-1.1046
195,194,JC034,Christ Hospital,-0.8327,-0.0594,-1.2258
196,195,JC035,Van Vorst Park,-0.8327,-0.6777,-1.1463
197,196,JC038,Essex Light Rail,-0.8327,-0.8945,-0.8171
198,197,JC051,Union St,-0.9987,-0.6882,-2.1977
199,198,JC052,Liberty Light Rail,-0.8327,-0.9526,-1.3797
200,199,JC053,Lincoln Park,-0.9987,-0.4457,-2.0445
201,200,JC055,McGinley Square,-0.8327,-0.4178,-1.7287
202,201,JC057,Riverview Park,-0.9987,0.3023,-1.0369
203,202,JC059,Heights Elevator,-0.9987,0.4691,-0.9330
204,203,JC063,Jackson Square,-0.9987,-0.9569,-2.0589
205,204,JC065,Dey St,-0.9987,0.0516,-1.7082
206,205,JC066,Newport PATH,-0.9987,-0.3463,-0.7373
207,206,JC072,Morris Canal,-1.1648,-0.9080,-0.8769
208,207,JC074,Jersey & 3rd,-1.1648,-0.4940,-1.0943
209,208,JC075,Monmouth and 6th,-1.1648,-0.4047,-1.1774
210,209,JC076,Dixon Mills,-0.9987,-0.5585,-1.2119
211,210,JC077,Astor Place,-1.1648,-0.6476,-1.8353
212,211,JC078,Lafayette Park,-1.1648,-0.8683,-1.5893
213,212,JC080,Leonard Gordon Park,-1.1648,0.3626,-1.4257
214,213,JC081,Brunswick & 6th,-1.1648,-0.3923,-1.2242
215,214,JC082,Manila & 1st,-0.9987,-0.5577,-1.0045
216,215,JC084,Communipaw & Berry Lane,-1.1648,-0.8344,-1.6991
217,216,JC093,Fairmount Ave,-0.9987,-0.4031,-1.8557
218,217,JC094,Glenwood Ave,-0.9987,-0.3339,-1.8294
219,218,JC095,Bergen Ave,-1.1648,-0.5406,-1.8410
220,219,JC097,York St & Marin Blvd,-0.9987,-0.7488,-0.9907
221,220,JC098,Washington St,-0.9987,-0.4575,-0.7878
222,221,JC099,Montgomery St,-1.1648,-0.6424,-1.2418
223,222,JC102,Grand St,-0.9987,-0.8033,-0.8522
224,223,JC103,Journal Square,-0.9987,-0.1017,-1.5788
225,224,JC104,Harborside,-0.5007,-0.6488,-0.7512
226,225,JC105,Hoboken Ave at Monmouth St,-0.4177,-0.0434,-1.1239
227,226,JC107,Grant Ave & MLK Dr,-0.9987,-1.0302,-2.1158
228,227,JC108,Bergen Ave & Stegman St,-0.9572,-1.1297,-2.2873
229,228,JC109,Bergen Ave & Sip Ave,-0.3762,-0.2027,-1.6355
230,229,JC110,JC Medical Center,-0.8742,-0.7952,-1.2038
231,230,JC115,Grove St PATH,-0.0027,-0.6428,-1.0105
232,231,JC116,Exchange Pl,-0.5007,-0.7582,-0.7544
