lr,hidden_dim,lookback,layers_dropout,seed,val_mse,test_mse,epochs_run,sec,error
0.001,32,12,"(1, 0.0)",42,0.16827237549056423,0.15911340377880823,30,158.3,
0.001,32,12,"(2, 0.2)",42,0.16849127500036912,0.15963081787801608,13,78.8,
0.001,32,24,"(1, 0.0)",42,0.15504095410026972,0.14651675868944006,24,121.5,
0.001,32,24,"(2, 0.2)",42,0.15484752622639975,0.14650708842904406,24,124.9,
0.001,32,48,"(1, 0.0)",42,0.1272965049558714,0.11600485071926656,16,90.0,
0.001,32,48,"(2, 0.2)",42,0.12669219678546864,0.11508853271329625,29,150.8,
0.001,32,96,"(1, 0.0)",42,0.11468041857075974,0.10495782611928357,11,67.3,
0.001,32,96,"(2, 0.2)",42,0.11258834328996606,0.10281681607022626,30,178.3,
0.001,64,12,"(1, 0.0)",42,0.16823275978636126,0.1590725579113352,22,121.1,
0.001,64,12,"(2, 0.2)",42,0.16873075791245792,0.15992604910457725,8,51.5,
0.001,64,24,"(1, 0.0)",42,0.154735592247055,0.1459193220257413,27,135.5,
0.001,64,24,"(2, 0.2)",42,0.1556196810783491,0.14767364641583866,7,45.8,
0.001,64,48,"(1, 0.0)",42,0.127054675266806,0.11475529381216923,20,106.3,
0.001,64,48,"(2, 0.2)",42,0.12755252081757834,0.1165271600735277,15,111.0,
0.001,64,96,"(1, 0.0)",42,0.11454138528632392,0.10488285985605003,9,72.7,
0.001,64,96,"(2, 0.2)",42,0.11326543620106612,0.1035049012116243,25,271.1,
0.001,128,12,"(1, 0.0)",42,0.1683580394324984,0.15911422690195345,15,121.9,
0.001,128,12,"(2, 0.2)",42,0.16838152637812567,0.15883933608714498,10,129.5,
0.001,128,24,"(1, 0.0)",42,0.15464203363675164,0.14607180511041207,21,221.4,
0.001,128,24,"(2, 0.2)",42,0.15522911014709334,0.14746084128624704,9,166.7,
0.001,128,48,"(1, 0.0)",42,0.12743524607095189,0.11636671771493742,15,120.3,
0.001,128,48,"(2, 0.2)",42,0.12712084526345396,0.11626331618501932,18,198.9,
0.001,128,96,"(1, 0.0)",42,0.11171814816215035,0.1020014525853238,23,906.5,
0.001,128,96,"(2, 0.2)",42,0.11281301615390356,0.10371946167283413,13,3048.0,
0.003,32,12,"(1, 0.0)",42,0.16849128975317978,0.15964347635237705,10,63.0,
0.003,32,12,"(2, 0.2)",42,0.16826103419346158,0.15905263386006196,13,76.0,
0.003,32,24,"(1, 0.0)",42,0.15485483280790988,0.14627297360088365,17,86.5,
0.003,32,24,"(2, 0.2)",42,0.1549721373566485,0.14613380603248285,13,75.3,
0.003,32,48,"(1, 0.0)",42,0.127115303539065,0.11508521699195119,19,100.2,
0.003,32,48,"(2, 0.2)",42,0.12926933673771504,0.1195058701745474,5,38.8,
0.003,32,96,"(1, 0.0)",42,0.11352868359656718,0.1037331495907614,11,68.1,
0.003,32,96,"(2, 0.2)",42,0.11247278201683275,0.10251249370432615,17,478.6,
0.003,64,12,"(1, 0.0)",42,0.16806867178905807,0.1588270055249605,20,103.6,
0.003,64,12,"(2, 0.2)",42,0.16845917329155533,0.158973457153844,12,66.4,
0.003,64,24,"(1, 0.0)",42,0.15448285817338006,0.14585273200118298,22,106.0,
0.003,64,24,"(2, 0.2)",42,0.15513182475882167,0.1468635046401702,13,78.0,
0.003,64,48,"(1, 0.0)",42,0.1270889411288841,0.11529888573348203,12,74.3,
0.003,64,48,"(2, 0.2)",42,0.12744771599050303,0.11674482034472514,9,74.6,
0.003,64,96,"(1, 0.0)",42,0.11252004355682749,0.10207838815122088,20,467.2,
0.003,64,96,"(2, 0.2)",42,0.11312764417892768,0.10315370799690268,9,242.8,
0.003,128,12,"(1, 0.0)",42,0.1682456885161889,0.1591342866875169,10,94.4,
0.003,128,12,"(2, 0.2)",42,0.16826906905632186,0.15890033649209698,10,144.4,
0.003,128,24,"(1, 0.0)",42,0.1549917521196484,0.14654397487986107,10,132.1,
0.003,128,24,"(2, 0.2)",42,0.15507360752669444,0.14669688999944533,13,280.2,
0.003,128,48,"(1, 0.0)",42,0.12733275402733926,0.11559220066550092,11,178.9,
0.003,128,48,"(2, 0.2)",42,0.12748759085504324,0.11663451104576583,11,780.0,
0.003,128,96,"(1, 0.0)",42,0.1139230868028869,0.10392762495764213,11,785.9,
0.003,128,96,"(2, 0.2)",42,0.11416547344695972,0.10436899571200088,17,4042.3,
0.01,32,12,"(1, 0.0)",42,0.16835951588355824,0.15927825131839116,10,64.0,
0.01,32,12,"(2, 0.2)",42,0.16843884986162447,0.15948985977680777,8,55.4,
0.01,32,24,"(1, 0.0)",42,0.15499050738466247,0.14661020036029754,13,67.1,
0.01,32,24,"(2, 0.2)",42,0.1550883053609616,0.14625831566630482,12,70.0,
0.01,32,48,"(1, 0.0)",42,0.12699986644409375,0.11536314493695152,13,72.2,
0.01,32,48,"(2, 0.2)",42,0.12727403800033166,0.1163044729505644,11,69.5,
0.01,32,96,"(1, 0.0)",42,0.11275723434749449,0.10256308201045332,13,78.6,
0.01,32,96,"(2, 0.2)",42,0.11323274267237163,0.10362315173620695,13,369.8,
0.01,64,12,"(1, 0.0)",42,0.16863415992986974,0.1592415659026326,6,41.7,
0.01,64,12,"(2, 0.2)",42,0.1687545130230773,0.1592971896021523,12,65.9,
0.01,64,24,"(1, 0.0)",42,0.15500062064626122,0.14645513991331105,9,57.0,
0.01,64,24,"(2, 0.2)",42,0.15581653682191604,0.14694262469655972,8,56.1,
0.01,64,48,"(1, 0.0)",42,0.12729467849030582,0.11530183428867156,12,74.5,
0.01,64,48,"(2, 0.2)",42,0.12723050261392407,0.1164054366064874,16,121.8,
0.01,64,96,"(1, 0.0)",42,0.1127331980990074,0.1020394596225342,9,220.0,
0.01,64,96,"(2, 0.2)",42,0.11442167032627891,0.10497415660000552,15,394.3,
0.01,128,12,"(1, 0.0)",42,0.16840256313901136,0.15959854717930402,6,65.0,
0.01,128,12,"(2, 0.2)",42,0.1686005827251942,0.15914846935057197,10,143.4,
0.01,128,24,"(1, 0.0)",42,0.15539338614512063,0.1473189196354868,7,95.3,
0.01,128,24,"(2, 0.2)",42,0.1565053457408105,0.1478151131069968,6,139.3,
0.01,128,48,"(1, 0.0)",42,0.1271022582196963,0.11534596679716703,15,236.9,
0.01,128,48,"(2, 0.2)",42,0.1275372999218513,0.11615648081830937,9,747.4,
0.01,128,96,"(1, 0.0)",42,0.115333576847834,0.10558665797837377,7,609.1,
0.01,128,96,"(2, 0.2)",42,0.14041938167867138,0.12926224808602224,7,1700.7,
0.001,32,192,"(1, 0.0)",42,0.10587080216079703,0.09530762157728431,16,91.8,
0.001,32,192,"(2, 0.2)",42,0.10763539868406989,0.09801877198005811,9,81.1,
0.001,64,192,"(1, 0.0)",42,0.11540179351819355,0.10574232053348674,5,48.6,
0.001,64,192,"(2, 0.2)",42,0.1040167578815268,0.09345393657024774,29,608.9,
0.001,128,192,"(1, 0.0)",42,0.10620649155885171,0.09599007196738361,10,239.3,
0.001,128,192,"(2, 0.2)",42,0.10475299038671537,0.0941599171882124,19,679.3,
0.003,32,192,"(1, 0.0)",42,0.10633184205828036,0.09589946299576067,14,199.8,
0.003,32,192,"(2, 0.2)",42,0.10544126808110353,0.09546262671917409,13,196.6,
0.003,64,192,"(1, 0.0)",42,0.10577697727908997,0.09538178170816212,18,248.6,
0.003,64,192,"(2, 0.2)",42,0.1051574208780819,0.09513419150069673,13,248.6,
0.003,128,192,"(1, 0.0)",42,0.10720623549361533,0.09738623427616663,8,198.2,
0.003,128,192,"(2, 0.2)",42,0.10569818809965131,0.09502661348623635,9,340.1,
0.01,32,192,"(1, 0.0)",42,0.10535430749364859,0.09458826576820356,8,134.5,
0.01,32,192,"(2, 0.2)",42,0.10642838497216113,0.09594040467804761,8,139.1,
0.01,64,192,"(1, 0.0)",42,0.10508002062273092,0.09382373879993397,8,135.6,
0.01,64,192,"(2, 0.2)",42,0.10572366536656332,0.09439361947528432,9,187.1,
0.01,128,192,"(1, 0.0)",42,0.10676375038528597,0.09662142458837164,12,274.6,
0.01,128,192,"(2, 0.2)",42,0.10883438928021157,0.09693086036373744,12,446.1,
