lr,hidden,ts_lookback,dropout,seed,val_ap,test_ap,val_mse,test_mse,test_f1,epochs_run,sec,error
0.001,128,6,0.0,42,0.9150669422203348,0.9221465526411031,0.09178529563305379,0.08365239825300469,0.8574659719697887,10,50.3,
0.001,128,6,0.1,42,0.9153109340413262,0.9231105446077402,0.0912827838381712,0.08276757945641246,0.8602539376406302,17,59.7,
0.001,128,6,0.3,42,0.9150977537351292,0.9220943370383033,0.09174983601387618,0.08357098282342795,0.8600354953210713,17,61.6,
0.001,128,12,0.0,42,0.9155290498197112,0.9231797016034019,0.09136566481940889,0.08232008164868587,0.8615568385427035,17,71.4,
0.001,128,12,0.1,42,0.915556806275646,0.9228549580134044,0.0915138149512426,0.08315920829633204,0.8603737268425696,17,61.5,
0.001,128,12,0.3,42,0.9149628619862585,0.9219575383694563,0.09174582983630548,0.08337885435274524,0.8590235431894359,17,60.0,
0.001,128,24,0.0,42,0.9161450218869481,0.9225331969155376,0.09212730440478682,0.08356703150026366,0.859985729009752,15,70.5,
0.001,128,24,0.1,42,0.9150765716234737,0.9216754291065615,0.09204315804142812,0.08374030187487759,0.8570734078755471,11,47.0,
0.001,128,24,0.3,42,0.9153970954363048,0.9223946926493088,0.09183326164830273,0.08380009877485392,0.858873899345666,17,69.5,
0.001,128,48,0.0,42,0.9168214119251948,0.9225005634194788,0.09082689971193794,0.08324940432315966,0.8573058895455472,23,139.9,
0.001,128,48,0.1,42,0.9157366676950937,0.923509974583976,0.09142304802387241,0.08316266634856194,0.8596067053513862,17,110.7,
0.001,128,48,0.3,42,0.9154191935507822,0.9226680784932872,0.09195889261161201,0.0835727919704664,0.8600426920133716,17,109.0,
0.001,256,6,0.0,42,0.9154435819919426,0.9231376707914111,0.0918767927892635,0.08297671002769132,0.8618656894766192,17,80.2,
0.001,256,6,0.1,42,0.915948738032034,0.9227121793506257,0.09138274233699281,0.08283477955382076,0.8599632323555271,17,70.1,
0.001,256,6,0.3,42,0.9143518984856712,0.9207111930501863,0.09243861584879978,0.08438434428384986,0.856518572469046,11,46.1,
0.001,256,12,0.0,42,0.9156424586668764,0.9227773956121417,0.09225008857404349,0.08336908788514762,0.8614255847895548,15,90.2,
0.001,256,12,0.1,42,0.9155145940016405,0.9230823405166899,0.09142264048106585,0.0823766652571267,0.8602583189152216,17,86.9,
0.001,256,12,0.3,42,0.9150198660556783,0.9223250720511343,0.09206184184774734,0.0835492443625621,0.8609075253314109,17,92.4,
0.001,256,24,0.0,42,0.9155316774967445,0.9227343688737165,0.0920579051094704,0.08335146033598655,0.8593706040753989,13,112.7,
0.001,256,24,0.1,42,0.9160013704079225,0.9225346659535935,0.09162091494803591,0.08324942701532093,0.8600777345918934,15,127.0,
0.001,256,24,0.3,42,0.9155203283430469,0.9221237920834863,0.09175142338211653,0.08331347734542081,0.860684580934101,17,146.9,
0.001,256,48,0.0,42,0.9157241419290609,0.9222915849330052,0.09161556048628441,0.0833031199652176,0.8614143331751306,16,229.7,
0.001,256,48,0.1,42,0.9157901737562282,0.922548193306458,0.09170215906729953,0.08316434928166767,0.8599610229487332,15,227.7,
0.001,256,48,0.3,42,0.9155022027057943,0.9218080853613432,0.09172594053498542,0.08373776384828842,0.8574228319451249,19,285.1,
0.001,384,6,0.0,42,0.9153512818237282,0.9228434713029696,0.09201170274049199,0.08306414821229349,0.8611243828635133,17,90.8,
0.001,384,6,0.1,42,0.9153784083424545,0.9227010704583962,0.09163088596028139,0.08315641687400421,0.8603253465822581,17,79.3,
0.001,384,6,0.3,42,0.9149568600326805,0.9215502057957767,0.09193133208372843,0.08388330868453969,0.8593793906306451,17,77.7,
0.001,384,12,0.0,42,0.9153212544808035,0.9222416669410736,0.09178122295748813,0.08261352312061687,0.8615067243226089,17,120.1,
0.001,384,12,0.1,42,0.9150179035978071,0.9225732627833397,0.09153268794554274,0.0832895196254503,0.8602202202202202,17,116.6,
0.001,384,12,0.3,42,0.915247468807496,0.9220580517089533,0.09179548745718949,0.0833468385674804,0.8588340225411498,23,156.6,
0.001,384,24,0.0,42,0.9155762249462436,0.9225172415417822,0.0914229739069382,0.08296527872349078,0.8608058608058607,17,201.1,
0.001,384,24,0.1,42,0.9166293003601613,0.9231306542607725,0.09077007944094134,0.08213634648166916,0.8602350280660662,23,279.1,
0.001,384,24,0.3,42,0.9142238868725018,0.9193751759898654,0.09261806041525349,0.0844082095363342,0.8592486923442701,15,184.0,
0.001,384,48,0.0,42,0.9161313938981798,0.9230007621086544,0.09166150039834181,0.08320843173777942,0.8610769413912147,17,341.8,
0.001,384,48,0.1,42,0.9162846931859628,0.9234158331622903,0.09111639736745822,0.08296189040570613,0.8583628156642674,23,495.8,
0.001,384,48,0.3,42,0.9149358228383899,0.9212295497801488,0.09207083843586909,0.0837105375684794,0.8592154319987032,19,410.8,
0.003,128,6,0.0,42,0.9163006290589505,0.9229424888542636,0.09185904095350682,0.08331394753162695,0.8588093322606597,10,48.5,
0.003,128,6,0.1,42,0.9157621412678354,0.9225254115638698,0.09196821362239947,0.08307406263987004,0.8598897783498934,10,37.7,
0.003,128,6,0.3,42,0.9145997025313669,0.9212561234768322,0.09226784897507569,0.08354271926418201,0.8582577943986017,12,44.4,
0.003,128,12,0.0,42,0.9159710830109381,0.9231608932443527,0.09202253370043088,0.08363042535902539,0.8580866062437059,10,46.8,
0.003,128,12,0.1,42,0.914921802884207,0.922978237111832,0.0925368680636637,0.08332822598457594,0.8591062497458626,12,45.8,
0.003,128,12,0.3,42,0.914373224206001,0.921607478021083,0.0923642035371275,0.08375581076606975,0.859438402856679,12,45.5,
0.003,128,24,0.0,42,0.9156131159084334,0.9229152605882152,0.09230587230081055,0.08389770171574425,0.8603513275046123,10,52.9,
0.003,128,24,0.1,42,0.9159092481011497,0.9231600890405661,0.09161850749594438,0.0833396701589528,0.859005905511811,19,76.2,
0.003,128,24,0.3,42,0.9150877445305508,0.9217065864199577,0.09219458412182036,0.08367812461682973,0.8600837821663675,15,60.5,
0.003,128,48,0.0,42,0.9155464015889275,0.9216743789284003,0.09254819205433948,0.0835396778802813,0.8586696894862555,12,81.4,
0.003,128,48,0.1,42,0.9151239443338508,0.9223537333158477,0.09259554184013678,0.08355691295615332,0.8576905820451116,12,79.2,
0.003,128,48,0.3,42,0.9142495049470337,0.9203435347077866,0.09239548899520304,0.08405614683090396,0.8595512383093163,10,68.4,
0.003,256,6,0.0,42,0.9161353925215929,0.9233958004687902,0.09200079873708196,0.08306149502122126,0.8571545917529161,11,56.9,
0.003,256,6,0.1,42,0.9161240444247756,0.9233885759423708,0.09176814912076581,0.08283456728103977,0.858339091906833,12,47.9,
0.003,256,6,0.3,42,0.9144204758004246,0.9211280932119147,0.09239682379148521,0.08400595117728044,0.859598160251755,12,49.2,
0.003,256,12,0.0,42,0.9159137497870125,0.9228040806438752,0.09185386271381514,0.08333104757903914,0.857993881822573,10,63.1,
0.003,256,12,0.1,42,0.9148168476113487,0.9212997301356332,0.09220190352725881,0.08347003301844276,0.8576756252786898,12,63.6,
0.003,256,12,0.3,42,0.914632411871187,0.9215600410222119,0.09209721478948427,0.08412583082539486,0.8588353011807084,10,54.5,
0.003,256,24,0.0,42,0.9159323972311847,0.9228535873598557,0.09210909104673862,0.08398676795316685,0.8592302778664963,10,91.7,
0.003,256,24,0.1,42,0.9152909428333794,0.9232208303459136,0.09258353359803666,0.08269214805890272,0.8593436572253871,13,113.3,
0.003,256,24,0.3,42,0.9151328445865147,0.9221608510792033,0.0923469972394181,0.08419794130035897,0.8592604527511478,17,146.1,
0.003,256,48,0.0,42,0.9157293981857566,0.9232955094606082,0.09213108574327732,0.08328258806098347,0.8593951093951093,10,152.0,
0.003,256,48,0.1,42,0.9152118263004846,0.9220631738746542,0.09224427706770506,0.0835938621204684,0.8588087621978379,12,183.3,
0.003,256,48,0.3,42,0.9144174313870703,0.9214710063365849,0.0925753021145719,0.08409113198858112,0.8572706935123042,12,181.2,
0.003,384,6,0.0,42,0.9160698918726824,0.9238346949692204,0.09157520746371957,0.08301487308185566,0.8574234735635946,19,98.6,
0.003,384,6,0.1,42,0.9159219926618621,0.9222937586794279,0.09232892012851285,0.08326008909217239,0.8588321049647688,12,60.2,
0.003,384,6,0.3,42,0.9144606844522034,0.9212451079487491,0.09271994875057472,0.08366424167170905,0.8590378775771136,12,58.4,
0.003,384,12,0.0,42,0.9154068960828817,0.9220068118778153,0.09243645641073833,0.08384083902204445,0.8596819830231539,15,107.9,
0.003,384,12,0.1,42,0.9153365503243551,0.9225338202865,0.09232561569547876,0.08304614689457447,0.857816054598635,12,83.1,
0.003,384,12,0.3,42,0.9158927883226414,0.923465482224353,0.09240677716683729,0.08381735012155568,0.8584422501741303,19,127.1,
0.003,384,24,0.0,42,0.9157744212633103,0.9222654578235328,0.09265986828766962,0.08426871497366535,0.8575906131961746,10,124.6,
0.003,384,24,0.1,42,0.9157366206972631,0.9215662330445588,0.0929170462732348,0.08468169658600097,0.8578527207559467,20,243.1,
0.003,384,24,0.3,42,0.9144106253012968,0.9213845713232554,0.09276624795083985,0.08408675267738773,0.858032932799288,12,153.2,
0.003,384,48,0.0,42,0.9158392305771708,0.9223362940939247,0.09208838579284798,0.08372086254140726,0.8573950018051265,10,209.4,
0.003,384,48,0.1,42,0.915841885028916,0.9230165277602025,0.09191372370837549,0.08302903724794351,0.8577508593877885,19,408.7,
0.003,384,48,0.3,42,0.9143023075809563,0.9224515318573503,0.09296611163621084,0.0837371599668541,0.8588523471067743,13,282.7,
0.01,128,6,0.0,42,0.914650957815866,0.9214482344931323,0.09261446006427924,0.08506104885151061,0.8585776108434718,8,45.2,
0.01,128,6,0.1,42,0.914116104359168,0.9223218552110142,0.09393225120832971,0.08500845693455177,0.8597677378300985,5,22.1,
0.01,128,6,0.3,42,0.914526188108324,0.9213706991196147,0.09361717912021379,0.08598734218447238,0.8568043469379418,8,30.8,
0.01,128,12,0.0,42,0.9147374753668412,0.9214994383914001,0.09196909529017377,0.08368959990683779,0.8603776604256681,10,49.2,
0.01,128,12,0.1,42,0.9151256991400601,0.9230393407637087,0.09251630430792317,0.08386963681305044,0.8594954591321897,10,38.2,
0.01,128,12,0.3,42,0.9137428061746306,0.9207875885974108,0.0934894833119931,0.08536580744518919,0.8565608832036501,8,31.1,
0.01,128,24,0.0,42,0.9157154697546008,0.9227254771778018,0.09215390084711779,0.08275558850846043,0.8602159168439218,17,76.7,
0.01,128,24,0.1,42,0.9148100266887053,0.9211454063134875,0.0924964632371805,0.08521356326646305,0.8555055259926321,8,36.6,
0.01,128,24,0.3,42,0.9132448857679334,0.9209632088208544,0.09281872178069063,0.08396980008839156,0.859952229299363,10,44.2,
0.01,128,48,0.0,42,0.9141989244558235,0.9219772830618785,0.0925015615035264,0.08367281649610703,0.858815454802374,10,71.8,
0.01,128,48,0.1,42,0.9142256591675422,0.9209295793780748,0.09222841089398334,0.0836270020199201,0.8578245046502224,10,68.2,
0.01,128,48,0.3,42,0.9129582166139861,0.9209229958172791,0.09518620027462706,0.08547113066708086,0.8589898016542198,7,50.6,
0.01,256,6,0.0,42,0.9148726586539123,0.9219657236499782,0.09244446673229013,0.08274129920595807,0.8593705813436755,10,53.1,
0.01,256,6,0.1,42,0.9137060502434702,0.9198671379184712,0.09318505834396852,0.08581689190907023,0.8554666666666668,8,34.7,
0.01,256,6,0.3,42,0.9116757286525434,0.9164875081218743,0.09311199554853465,0.0850233375801425,0.8566666666666666,8,37.2,
0.01,256,12,0.0,42,0.9142032952639619,0.9203820696588434,0.09277344096134284,0.08461485827211114,0.8565508836075565,8,55.4,
0.01,256,12,0.1,42,0.9138207041421913,0.9195314597240085,0.09505121482747064,0.08560044901476689,0.8574079302972853,7,40.0,
0.01,256,12,0.3,42,0.9131303232971325,0.9204841771507216,0.09451581361849218,0.08494698246065935,0.8590000802503813,13,69.1,
0.01,256,24,0.0,42,0.9129962894082635,0.9213939922374743,0.0944116673383296,0.0846618164430459,0.8580428900286743,7,68.8,
0.01,256,24,0.1,42,0.914745890199282,0.9214004852892984,0.09266393779285559,0.08415771862502014,0.8581471455698759,10,86.7,
0.01,256,24,0.3,42,0.9139524383053612,0.9213471288873647,0.09335495861771348,0.08400144827975406,0.8593450479233227,13,113.0,
0.01,256,48,0.0,42,0.9130728596600803,0.9216950528724939,0.09477612945014825,0.08527652739359905,0.8581747352189263,7,113.0,
0.01,256,48,0.1,42,0.9145102550243733,0.922430219425245,0.09278975165060961,0.08350098164978863,0.8572714993246285,11,167.8,
0.01,256,48,0.3,42,0.9139211094736934,0.9212042258925996,0.09320929127923792,0.08452938033971835,0.8597058348149345,11,167.2,
0.01,384,6,0.0,42,0.9146462800570748,0.9221130287429266,0.09308938353622856,0.08434254831651557,0.8588315163132463,10,60.5,
0.01,384,6,0.1,42,0.9147480008552515,0.9195141917395931,0.09385864197505055,0.0848757566987468,0.8555347091932457,20,96.2,
0.01,384,6,0.3,42,0.9119183314172913,0.9192495714320064,0.09604016222613607,0.08639402792211767,0.8572460279248916,7,37.9,
0.01,384,12,0.0,42,0.9146427872974786,0.9209658266759364,0.09295184620917513,0.0845005102142421,0.8571775073776124,10,78.1,
0.01,384,12,0.1,42,0.9145300848691469,0.9218825534782975,0.09313689820412203,0.08400589130099376,0.8573062625107234,11,77.6,
0.01,384,12,0.3,42,0.912302704060216,0.9200163366721932,0.09268424615305963,0.08402097915829294,0.858114674441205,10,71.7,
0.01,384,24,0.0,42,0.9138152792498632,0.9211162471525086,0.09277355095537303,0.0838584535071521,0.8582335025380711,11,134.9,
0.01,384,24,0.1,42,0.9149626565279703,0.9221479009702265,0.09396266783954278,0.08542164401455932,0.8569557565587526,8,101.0,
0.01,384,24,0.3,42,0.9118169821039834,0.9189238625138173,0.09413321538398606,0.08459244961138633,0.8572463768115941,6,77.2,
0.01,384,48,0.0,42,0.9141097387920469,0.9204962667185935,0.09397090093648698,0.08686415628311614,0.8551480553616164,8,172.0,
0.01,384,48,0.1,42,0.914465796451968,0.9213219002495671,0.09259484015654736,0.08440752400723785,0.8591719796626585,10,218.6,
0.01,384,48,0.3,42,0.9137071474793208,0.9219960568582167,0.09304221266070577,0.0839575799075804,0.8574432806244187,11,241.8,
